scenario,bits,seed,nmse_db,rho,R10
indoor,4,1,-4.7738447189331055,0.7907598614692688,0.6428649425506592
indoor,4,2,-4.7351274490356445,0.7876030206680298,0.6386398673057556
indoor,4,3,-4.7877955436706540,0.7926363348960876,0.6454865932464600
indoor,8,1,-5.2218956947326660,0.8069943785667419,0.6688330769538879
indoor,8,2,-5.4140052795410160,0.8149577379226685,0.6806133389472961
indoor,8,3,-5.3020181655883790,0.8103841543197632,0.6735447049140930
outdoor,4,1,-4.1813964843750000,0.7423756122589111,0.5738141536712646
outdoor,4,2,-4.1994786262512210,0.7429637908935547,0.5747323632240295
outdoor,4,3,-4.1710238456726070,0.7419408559799194,0.5731443166732788
outdoor,8,1,-5.2795548439025880,0.7916629910469055,0.6457350254058838
outdoor,8,2,-5.3750572204589840,0.7952652573585510,0.6513406634330750
outdoor,8,3,-5.3242444992065430,0.7927917242050171,0.6477497220039368
